Height,Weight,Age,Gender
1.928719235,85.94652523,28,M
1.606690559,63.66192104,29,W
1.908024766,69.46773801,27,M
1.662974811,62.03434994,26,W
1.7172922,65.66695432,27,W
1.629492131,73.67510203,26,W
1.526517587,60.42178034,25,W
1.696449693,70.72426872,29,W
1.813316177,76.67351741,28,W
1.787042079,75.21023719,30,M
1.714330648,74.41269381,28,M
1.623975158,73.8818777,24,W
1.750439303,73.55381729,21,W
1.460844525,70.16876571,31,M
